{
  "AWSTemplateFormatVersion": "2010-09-09",
  "Description": "The AWS CloudFormation template for this Serverless application",
  "Resources": {
    "ServerlessDeploymentBucket": {
      "Type": "AWS::S3::Bucket",
      "Properties": {
        "BucketEncryption": {
          "ServerSideEncryptionConfiguration": [
            {
              "ServerSideEncryptionByDefault": {
                "SSEAlgorithm": "AES256"
              }
            }
          ]
        }
      }
    },
    "ServerlessDeploymentBucketPolicy": {
      "Type": "AWS::S3::BucketPolicy",
      "Properties": {
        "Bucket": {
          "Ref": "ServerlessDeploymentBucket"
        },
        "PolicyDocument": {
          "Statement": [
            {
              "Action": "s3:*",
              "Effect": "Deny",
              "Principal": "*",
              "Resource": [
                {
                  "Fn::Join": [
                    "",
                    [
                      "arn:",
                      {
                        "Ref": "AWS::Partition"
                      },
                      ":s3:::",
                      {
                        "Ref": "ServerlessDeploymentBucket"
                      },
                      "/*"
                    ]
                  ]
                },
                {
                  "Fn::Join": [
                    "",
                    [
                      "arn:",
                      {
                        "Ref": "AWS::Partition"
                      },
                      ":s3:::",
                      {
                        "Ref": "ServerlessDeploymentBucket"
                      }
                    ]
                  ]
                }
              ],
              "Condition": {
                "Bool": {
                  "aws:SecureTransport": false
                }
              }
            }
          ]
        }
      }
    },
    "ReactAppBucket": {
      "Type": "AWS::S3::Bucket",
      "Properties": {
        "BucketName": "transformative-med-sample-project-6145",
        "AccessControl": "PublicRead",
        "WebsiteConfiguration": {
          "IndexDocument": "index.html",
          "ErrorDocument": "index.html"
        }
      }
    },
    "S3AccessPolicy": {
      "Type": "AWS::S3::BucketPolicy",
      "Properties": {
        "Bucket": {
          "Ref": "ReactAppBucket"
        },
        "PolicyDocument": {
          "Statement": [
            {
              "Sid": "PublicReadGetObject",
              "Effect": "Allow",
              "Principal": "*",
              "Action": [
                "s3:GetObject"
              ],
              "Resource": "arn:aws:s3:::transformative-med-sample-project-6145/*"
            }
          ]
        }
      }
    },
    "CloudFrontDistribution": {
      "Type": "AWS::CloudFront::Distribution",
      "Properties": {
        "DistributionConfig": {
          "Origins": [
            {
              "DomainName": "transformative-med-sample-project-6145.s3.amazonaws.com",
              "Id": "ReactApp",
              "CustomOriginConfig": {
                "HTTPPort": 80,
                "HTTPSPort": 443,
                "OriginProtocolPolicy": "https-only"
              }
            }
          ],
          "Enabled": "true",
          "DefaultRootObject": "index.html",
          "CustomErrorResponses": [
            {
              "ErrorCode": 404,
              "ResponseCode": 200,
              "ResponsePagePath": "/index.html"
            }
          ],
          "DefaultCacheBehavior": {
            "AllowedMethods": [
              "DELETE",
              "GET",
              "HEAD",
              "OPTIONS",
              "PATCH",
              "POST",
              "PUT"
            ],
            "TargetOriginId": "ReactApp",
            "ForwardedValues": {
              "QueryString": "false",
              "Cookies": {
                "Forward": "none"
              }
            },
            "ViewerProtocolPolicy": "redirect-to-https"
          },
          "ViewerCertificate": {
            "CloudFrontDefaultCertificate": true
          }
        }
      }
    }
  },
  "Outputs": {
    "ServerlessDeploymentBucketName": {
      "Value": {
        "Ref": "ServerlessDeploymentBucket"
      }
    }
  }
}